timestamp,city,temperature,description
2025-10-24T10:41:45.675Z,London,11,few clouds
2025-10-24T10:47:53.657Z,London,11.04,few clouds
2025-10-24T10:51:12.222Z,London,11,few clouds
2025-10-24T10:55:48.218Z,London,11.22,few clouds
2025-10-24T11:03:32.671Z,London,11.41,few clouds
2025-10-24T11:06:52.885Z,London,11.46,few clouds
2025-10-24T12:53:32.319Z,London,12.46,scattered clouds
2025-10-24T13:20:14.728Z,London,12.47,broken clouds
2025-10-24T13:37:49.973Z,London,12.6,broken clouds
2025-10-24T13:50:28.251Z,London,12.57,broken clouds
2025-10-24T14:25:58.541Z,London,12.85,broken clouds
2025-10-24T16:31:17.049Z,London,11.58,scattered clouds
2025-10-24T18:33:13.136Z,London,10.22,few clouds
2025-10-24T20:27:26.552Z,London,10.07,scattered clouds
2025-10-24T22:23:40.077Z,London,10.14,broken clouds
2025-10-25T01:52:28.254Z,London,8.6,broken clouds
2025-10-25T03:07:18.697Z,London,8.66,broken clouds
2025-10-25T04:27:17.715Z,London,9.3,broken clouds
2025-10-25T06:33:17.634Z,London,9.49,broken clouds
2025-10-25T08:28:51.207Z,London,9.92,broken clouds
2025-10-25T10:23:23.469Z,London,11.69,broken clouds
2025-10-25T12:45:09.741Z,London,10.87,overcast clouds
2025-10-25T14:20:27.187Z,London,10.99,broken clouds
2025-10-25T16:28:13.305Z,London,9.85,light rain
2025-10-25T18:32:06.956Z,London,8.26,scattered clouds
2025-10-25T20:25:28.246Z,London,7.52,clear sky
2025-10-25T22:21:05.248Z,London,7.16,scattered clouds
2025-10-26T02:01:16.887Z,London,6.51,clear sky
2025-10-26T04:27:50.712Z,London,5,clear sky
2025-10-26T06:34:18.775Z,London,4.26,clear sky
2025-10-26T08:29:03.033Z,London,5.42,clear sky
2025-10-26T10:23:16.921Z,London,9.04,few clouds
2025-10-26T12:47:00.915Z,London,10.38,few clouds
2025-10-26T14:20:47.830Z,London,10.24,broken clouds
2025-10-26T16:28:30.873Z,London,9.45,light rain
2025-10-26T18:33:07.933Z,London,8.58,overcast clouds
2025-10-26T20:26:23.259Z,London,9.14,overcast clouds
2025-10-26T22:22:42.551Z,London,10.49,broken clouds
2025-10-27T02:05:35.150Z,London,11.36,overcast clouds
2025-10-27T04:34:41.245Z,London,10.35,few clouds
2025-10-27T06:40:23.554Z,London,9.64,overcast clouds
2025-10-27T08:34:55.036Z,London,10.98,few clouds
2025-10-27T10:29:42.527Z,London,12.72,broken clouds
2025-10-27T12:54:20.505Z,London,13,overcast clouds
2025-10-27T14:26:49.147Z,London,13.63,few clouds
2025-10-27T16:33:10.380Z,London,12.74,few clouds
2025-10-27T18:35:57.570Z,London,11.96,broken clouds
2025-10-27T20:25:59.576Z,London,11.81,broken clouds
2025-10-27T22:22:58.792Z,London,11.65,overcast clouds
2025-10-28T01:55:05.848Z,London,12.53,broken clouds
2025-10-28T03:12:00.406Z,London,12.53,overcast clouds
2025-10-28T04:29:26.704Z,London,12.4,broken clouds
2025-10-28T06:38:30.946Z,London,12.12,light rain
2025-10-28T08:34:29.656Z,London,11.84,broken clouds
2025-10-28T10:28:26.126Z,London,13.59,broken clouds
2025-10-28T12:52:46.672Z,London,14.95,few clouds
2025-10-28T14:26:49.050Z,London,14.78,scattered clouds
2025-10-28T16:34:10.976Z,London,14.11,overcast clouds
2025-10-28T18:37:50.712Z,London,12.21,overcast clouds
2025-10-28T20:29:16.572Z,London,11.79,overcast clouds
2025-10-28T22:24:22.561Z,London,11.75,overcast clouds
2025-10-29T02:02:12.759Z,London,12.71,broken clouds
2025-10-29T04:32:04.461Z,London,12.05,broken clouds
2025-10-29T06:38:31.234Z,London,11.62,broken clouds
2025-10-29T08:34:59.795Z,London,12.44,overcast clouds
2025-10-29T10:28:33.807Z,London,12.71,light rain
2025-10-29T12:54:54.221Z,London,12.15,heavy intensity rain
2025-10-29T14:26:57.490Z,London,12.18,broken clouds
2025-10-29T16:34:34.283Z,London,10.42,light rain
2025-10-29T18:36:33.332Z,London,10.23,light rain
2025-10-29T20:28:34.052Z,London,9.42,overcast clouds
2025-10-29T22:24:20.527Z,London,7.96,scattered clouds
2025-10-30T02:01:16.435Z,London,6.75,clear sky
2025-10-30T04:29:10.406Z,London,5.96,clear sky
2025-10-30T06:36:34.981Z,London,5.62,clear sky
2025-10-30T08:32:58.647Z,London,6.48,few clouds
2025-10-30T10:27:41.308Z,London,10.02,broken clouds
2025-10-30T12:53:19.269Z,London,13.4,overcast clouds
2025-10-30T14:26:23.393Z,London,12.94,broken clouds
2025-10-30T16:33:32.927Z,London,12.05,overcast clouds
2025-10-30T18:36:17.506Z,London,11,broken clouds
2025-10-30T20:27:33.075Z,London,11.12,overcast clouds
2025-10-30T22:23:54.808Z,London,12.34,broken clouds
2025-10-31T01:58:00.534Z,London,13.37,overcast clouds
2025-10-31T03:16:23.065Z,London,13.41,overcast clouds
2025-10-31T04:30:16.125Z,London,13.79,overcast clouds
2025-10-31T06:37:06.882Z,London,13.75,broken clouds
2025-10-31T08:32:45.807Z,London,14.4,broken clouds
2025-10-31T10:26:59.930Z,London,14.39,overcast clouds
2025-10-31T12:52:31.547Z,London,14.65,light rain
2025-10-31T14:26:15.951Z,London,15.47,overcast clouds
2025-10-31T16:31:48.971Z,London,15.42,moderate rain
2025-10-31T18:36:05.315Z,London,15.37,scattered clouds
2025-10-31T20:27:39.534Z,London,14.57,very heavy rain
2025-10-31T22:23:39.956Z,London,15.02,few clouds
2025-11-01T02:01:37.776Z,London,15.1,light rain
2025-11-01T04:27:25.673Z,London,13.11,light rain
2025-11-01T06:33:38.144Z,London,12.2,overcast clouds
2025-11-01T08:29:01.871Z,London,12.39,few clouds
2025-11-01T10:24:15.852Z,London,13.94,overcast clouds
2025-11-01T12:46:21.561Z,London,15.38,few clouds
2025-11-01T14:20:22.618Z,London,15.23,few clouds
2025-11-01T16:26:49.729Z,London,13.15,moderate rain
2025-11-01T18:31:06.700Z,London,11.35,broken clouds
2025-11-01T20:23:37.395Z,London,10.29,overcast clouds
2025-11-01T22:21:21.831Z,London,9.46,scattered clouds
2025-11-02T02:04:27.640Z,London,7.49,clear sky
2025-11-02T04:28:49.059Z,London,7.13,scattered clouds
2025-11-02T06:35:09.268Z,London,8.92,moderate rain
2025-11-02T08:28:05.422Z,London,8.74,broken clouds
2025-11-02T10:23:30.290Z,London,10.22,few clouds
2025-11-02T12:45:18.723Z,London,11.88,broken clouds
2025-11-02T14:20:32.137Z,London,12.75,few clouds
2025-11-02T16:27:29.962Z,London,11.41,clear sky
2025-11-02T18:30:40.409Z,London,9.75,clear sky
2025-11-02T20:24:37.939Z,London,8.46,clear sky
2025-11-02T22:21:33.884Z,London,7.77,clear sky
2025-11-03T02:03:30.291Z,London,9.04,scattered clouds
2025-11-03T04:33:54.604Z,London,10.92,broken clouds
2025-11-03T06:38:59.812Z,London,12.31,few clouds
2025-11-03T08:35:27.416Z,London,13.46,overcast clouds
2025-11-03T10:29:53.693Z,London,14.97,broken clouds
2025-11-03T12:53:51.166Z,London,15.89,broken clouds
2025-11-03T14:25:56.071Z,London,15.62,overcast clouds
2025-11-03T16:30:19.127Z,London,14.64,overcast clouds
2025-11-03T18:37:24.533Z,London,14.65,broken clouds
2025-11-03T20:28:31.726Z,London,14.68,broken clouds
2025-11-03T22:24:20.962Z,London,14.83,broken clouds
2025-11-04T01:58:39.781Z,London,14.53,broken clouds
2025-11-04T03:16:02.633Z,London,14.44,broken clouds
2025-11-04T04:29:25.844Z,London,14.43,broken clouds
2025-11-04T06:38:23.657Z,London,14.14,broken clouds
2025-11-04T08:34:59.720Z,London,14.39,overcast clouds
2025-11-04T10:29:38.682Z,London,15.06,broken clouds
2025-11-04T12:56:24.908Z,London,15.57,overcast clouds
2025-11-04T14:26:29.986Z,London,15.8,broken clouds
2025-11-04T16:31:22.773Z,London,14.5,overcast clouds
2025-11-04T18:36:15.875Z,London,14.4,broken clouds
2025-11-04T20:29:06.966Z,London,14.05,broken clouds
2025-11-04T22:23:52.679Z,London,15.15,broken clouds
2025-11-05T02:00:03.295Z,London,15.88,broken clouds
2025-11-05T03:17:41.297Z,London,15.5,few clouds
2025-11-05T04:29:43.664Z,London,15.41,overcast clouds
2025-11-05T06:38:01.801Z,London,15.16,overcast clouds
2025-11-05T08:34:50.133Z,London,15.21,overcast clouds
2025-11-05T10:28:51.429Z,London,16.75,overcast clouds
2025-11-05T12:54:00.742Z,London,17.04,overcast clouds
2025-11-05T14:26:20.904Z,London,17.03,overcast clouds
2025-11-05T16:34:15.915Z,London,15.96,overcast clouds
2025-11-05T18:35:56.324Z,London,15.4,overcast clouds
2025-11-05T20:29:23.681Z,London,15.32,overcast clouds
2025-11-05T22:24:01.532Z,London,15.18,overcast clouds
2025-11-06T01:59:55.382Z,London,14.59,overcast clouds
2025-11-06T03:20:00.324Z,London,15.08,overcast clouds
2025-11-06T04:32:02.181Z,London,15.59,overcast clouds
2025-11-06T06:38:15.840Z,London,15.14,overcast clouds
2025-11-06T08:34:32.665Z,London,15.1,overcast clouds
2025-11-06T10:29:16.514Z,London,15.36,light rain
2025-11-06T12:53:08.066Z,London,17.07,scattered clouds
2025-11-06T14:26:13.456Z,London,17.28,overcast clouds
2025-11-06T16:34:40.074Z,London,16.62,broken clouds
2025-11-06T18:36:55.430Z,London,15.9,broken clouds
2025-11-06T20:28:37.247Z,London,15.44,overcast clouds
2025-11-06T22:24:15.121Z,London,14.56,broken clouds
2025-11-07T01:58:29.334Z,London,13.29,broken clouds
2025-11-07T03:16:35.159Z,London,13.2,broken clouds
2025-11-07T04:29:12.568Z,London,13.43,overcast clouds
2025-11-07T06:37:56.541Z,London,13.7,scattered clouds
2025-11-07T08:34:19.383Z,London,14.17,overcast clouds
2025-11-07T10:27:44.446Z,London,15.22,overcast clouds
2025-11-07T12:52:27.747Z,London,14.39,overcast clouds
2025-11-07T14:24:58.081Z,London,14.88,broken clouds
2025-11-07T16:28:43.568Z,London,13.76,overcast clouds
2025-11-07T18:35:11.638Z,London,13.31,broken clouds
2025-11-07T20:25:12.037Z,London,13.33,light rain
2025-11-07T22:23:15.482Z,London,13.23,light intensity drizzle
2025-11-08T01:52:34.701Z,London,13.31,broken clouds
2025-11-08T03:07:16.408Z,London,13.29,broken clouds
2025-11-08T04:28:05.879Z,London,13.02,broken clouds
2025-11-08T06:33:47.961Z,London,12.55,overcast clouds
2025-11-08T08:29:46.701Z,London,11.39,broken clouds
2025-11-08T10:24:07.161Z,London,11.95,broken clouds
2025-11-08T12:46:19.857Z,London,12.85,overcast clouds
2025-11-08T14:20:25.079Z,London,14.3,broken clouds
2025-11-08T16:28:01.281Z,London,12.98,overcast clouds
2025-11-08T18:32:52.087Z,London,10.79,broken clouds
2025-11-08T20:24:20.715Z,London,9.03,clear sky
2025-11-08T22:21:19.935Z,London,8.43,clear sky
2025-11-09T02:03:14.425Z,London,6.75,clear sky
2025-11-09T04:27:53.562Z,London,6.43,few clouds
2025-11-09T06:34:18.239Z,London,7.15,clear sky
2025-11-09T08:28:22.526Z,London,7.83,fog
2025-11-09T10:23:53.538Z,London,11.39,scattered clouds
2025-11-09T12:46:33.760Z,London,14.1,broken clouds
2025-11-09T14:19:55.745Z,London,14.29,scattered clouds
2025-11-09T16:27:41.380Z,London,13.36,few clouds
2025-11-09T18:31:40.669Z,London,12.91,broken clouds
2025-11-09T20:25:04.287Z,London,13.11,broken clouds
2025-11-09T22:21:56.065Z,London,13.34,overcast clouds
2025-11-10T02:04:38.473Z,London,12.93,moderate rain
2025-11-10T04:32:28.681Z,London,12.8,overcast clouds
2025-11-10T06:39:35.701Z,London,12.9,overcast clouds
2025-11-10T08:35:38.041Z,London,12.93,broken clouds
2025-11-10T10:29:48.956Z,London,12.93,broken clouds
2025-11-10T12:54:32.790Z,London,13.34,light rain
2025-11-10T14:26:37.227Z,London,12.24,broken clouds
2025-11-10T16:34:14.897Z,London,11.51,broken clouds
2025-11-10T20:30:01.626Z,London,10.34,few clouds
2025-11-10T22:25:31.691Z,London,9.33,clear sky
2025-11-11T02:00:42.060Z,London,8.93,overcast clouds
2025-11-11T04:30:36.495Z,London,8.82,overcast clouds
2025-11-11T06:38:34.646Z,London,10.19,overcast clouds
2025-11-11T08:33:50.365Z,London,11.97,few clouds
2025-11-11T10:29:09.629Z,London,13.58,broken clouds
2025-11-11T12:53:12.182Z,London,14.84,overcast clouds
2025-11-11T14:26:42.634Z,London,14.94,broken clouds
2025-11-11T16:33:02.954Z,London,14.46,overcast clouds
2025-11-11T18:36:00.990Z,London,14.68,overcast clouds
2025-11-11T20:27:56.444Z,London,14.53,light rain
2025-11-11T22:24:38.017Z,London,14.22,light rain
2025-11-12T01:59:40.014Z,London,14.7,broken clouds
2025-11-12T03:18:00.641Z,London,14.51,broken clouds
2025-11-12T04:30:40.469Z,London,14.52,overcast clouds
2025-11-12T06:38:20.690Z,London,14.26,overcast clouds
2025-11-12T08:34:57.215Z,London,14.08,overcast clouds
2025-11-12T10:29:02.193Z,London,15.64,overcast clouds
2025-11-12T12:54:55.045Z,London,16.47,scattered clouds
2025-11-12T14:26:55.932Z,London,16.28,scattered clouds
2025-11-12T16:34:50.164Z,London,14.73,broken clouds
2025-11-12T18:34:33.434Z,London,13.81,broken clouds
2025-11-12T20:28:57.800Z,London,12.91,overcast clouds
2025-11-12T22:24:22.178Z,London,13.23,overcast clouds
2025-11-13T02:01:49.112Z,London,14,overcast clouds
2025-11-13T04:30:51.980Z,London,14.03,overcast clouds
2025-11-13T06:38:12.614Z,London,13.8,few clouds
2025-11-13T08:34:10.688Z,London,13.92,overcast clouds
2025-11-13T10:29:49.503Z,London,15.55,overcast clouds
2025-11-13T12:55:11.812Z,London,16.98,overcast clouds
2025-11-13T14:25:04.637Z,London,17.18,scattered clouds
2025-11-13T16:31:21.399Z,London,15.64,overcast clouds
2025-11-13T18:36:23.580Z,London,14.62,light rain
2025-11-13T20:28:54.038Z,London,14.05,moderate rain
2025-11-13T22:25:13.218Z,London,13.49,broken clouds
2025-11-14T02:00:29.037Z,London,13.22,light rain
2025-11-14T04:29:59.526Z,London,13.2,moderate rain
2025-11-14T06:38:09.748Z,London,13.1,broken clouds
2025-11-14T08:33:38.161Z,London,13.15,broken clouds
2025-11-14T10:28:15.398Z,London,13.35,moderate rain
2025-11-14T12:53:04.679Z,London,13.86,broken clouds
2025-11-14T14:26:10.983Z,London,14.05,light rain
2025-11-14T16:33:23.487Z,London,13.96,broken clouds
2025-11-14T18:35:54.819Z,London,13.63,overcast clouds
2025-11-14T20:28:24.883Z,London,13.35,few clouds
2025-11-14T22:24:40.199Z,London,13.3,broken clouds
2025-11-15T01:56:09.185Z,London,12.14,overcast clouds
2025-11-15T03:12:28.172Z,London,11.46,overcast clouds
2025-11-15T04:28:40.456Z,London,11.52,broken clouds
2025-11-15T06:34:50.056Z,London,11.61,broken clouds
2025-11-15T08:29:51.646Z,London,11.78,overcast clouds
2025-11-15T10:24:06.819Z,London,12.64,mist
2025-11-15T12:47:24.963Z,London,12.77,overcast clouds
2025-11-15T14:21:32.826Z,London,12.8,overcast clouds
2025-11-15T16:28:00.252Z,London,12.04,overcast clouds
2025-11-15T18:32:10.220Z,London,11.78,overcast clouds
2025-11-15T20:25:03.700Z,London,11.28,overcast clouds
2025-11-15T22:20:04.747Z,London,10.87,overcast clouds
2025-11-16T02:06:12.366Z,London,10.18,light intensity drizzle
2025-11-16T04:30:36.171Z,London,9.72,overcast clouds
2025-11-16T06:35:50.727Z,London,9.64,overcast clouds
2025-11-16T08:30:34.487Z,London,9.45,overcast clouds
2025-11-16T10:24:44.835Z,London,9.85,overcast clouds
2025-11-16T12:47:10.042Z,London,10.13,overcast clouds
2025-11-16T14:21:12.052Z,London,9.92,overcast clouds
2025-11-16T16:28:41.726Z,London,8.8,overcast clouds
2025-11-16T18:33:10.267Z,London,8.14,overcast clouds
2025-11-16T20:26:28.242Z,London,7.85,overcast clouds
2025-11-16T22:23:00.443Z,London,7.26,broken clouds
2025-11-17T02:01:21.563Z,London,6.28,broken clouds
2025-11-17T04:32:04.025Z,London,5.43,few clouds
2025-11-17T06:38:55.554Z,London,5.11,overcast clouds
2025-11-17T08:36:39.191Z,London,4.76,few clouds
2025-11-17T10:30:23.030Z,London,6.14,few clouds
2025-11-17T12:53:58.141Z,London,8.06,few clouds
2025-11-17T14:26:27.240Z,London,8.05,broken clouds
2025-11-17T16:35:24.346Z,London,6.4,few clouds
2025-11-17T18:36:07.463Z,London,4.89,few clouds
2025-11-17T20:28:59.224Z,London,4.2,clear sky
2025-11-17T22:24:50.682Z,London,2.95,few clouds
2025-11-18T01:59:34.564Z,London,1.5,clear sky
2025-11-18T03:18:10.799Z,London,1.24,clear sky
2025-11-18T04:30:24.841Z,London,1.16,clear sky
2025-11-18T06:37:24.896Z,London,0.51,clear sky
2025-11-18T08:34:35.777Z,London,1.54,few clouds
2025-11-18T10:29:51.399Z,London,3.53,broken clouds
2025-11-18T12:54:11.611Z,London,6.24,overcast clouds
2025-11-18T14:26:51.074Z,London,7.11,broken clouds
2025-11-18T16:36:08.960Z,London,6.55,light rain
2025-11-18T18:37:52.190Z,London,6.1,broken clouds
2025-11-18T20:30:42.386Z,London,5.62,overcast clouds
2025-11-18T22:25:41.767Z,London,4.97,broken clouds
2025-11-19T01:59:23.531Z,London,4.51,overcast clouds
2025-11-19T03:17:38.617Z,London,4.21,scattered clouds
2025-11-19T04:30:28.361Z,London,4.65,broken clouds
2025-11-19T06:37:38.869Z,London,4.03,overcast clouds
2025-11-19T08:34:27.144Z,London,3.31,moderate rain
2025-11-19T10:29:17.499Z,London,2.7,moderate rain
2025-11-19T12:54:38.814Z,London,4.54,scattered clouds
2025-11-19T14:26:40.292Z,London,4.9,broken clouds
2025-11-19T16:34:06.647Z,London,4.17,overcast clouds
2025-11-19T18:37:42.456Z,London,3.09,broken clouds
2025-11-19T20:25:39.716Z,London,2.15,overcast clouds
2025-11-19T22:24:38.796Z,London,1.04,scattered clouds
2025-11-20T01:57:53.423Z,London,0.23,overcast clouds
2025-11-20T03:15:49.706Z,London,-0.16,overcast clouds
2025-11-20T04:29:12.483Z,London,-0.5,overcast clouds
2025-11-20T06:37:20.832Z,London,-0.99,clear sky
2025-11-20T08:35:19.946Z,London,-0.96,clear sky
2025-11-20T10:28:22.084Z,London,2.1,clear sky
2025-11-20T12:53:05.645Z,London,3.51,broken clouds
2025-11-20T14:26:26.447Z,London,3.46,overcast clouds
2025-11-20T16:33:39.480Z,London,3.32,overcast clouds
2025-11-20T18:37:30.467Z,London,3.52,overcast clouds
2025-11-20T20:29:38.677Z,London,2.32,overcast clouds
2025-11-20T22:22:42.682Z,London,2.67,overcast clouds
2025-11-21T01:58:44.591Z,London,1.4,few clouds
2025-11-21T03:16:34.346Z,London,1.13,clear sky
2025-11-21T04:30:14.156Z,London,1.21,scattered clouds
2025-11-21T06:38:54.889Z,London,0.86,scattered clouds
2025-11-21T08:35:24.669Z,London,0.62,clear sky
2025-11-21T10:27:33.917Z,London,3.15,clear sky
2025-11-21T12:52:20.314Z,London,6.22,clear sky
2025-11-21T14:25:23.290Z,London,6.9,clear sky
2025-11-21T16:31:01.683Z,London,4.31,clear sky
2025-11-21T18:33:19.794Z,London,1.39,few clouds
2025-11-21T20:28:55.747Z,London,0.64,few clouds
2025-11-21T22:24:51.658Z,London,0.66,broken clouds
2025-11-22T01:55:00.363Z,London,1.82,overcast clouds
2025-11-22T03:09:33.700Z,London,2.62,overcast clouds
2025-11-22T04:28:51.376Z,London,3.6,overcast clouds
2025-11-22T06:34:45.193Z,London,5.27,overcast clouds
2025-11-22T08:30:53.559Z,London,6,moderate rain
2025-11-22T10:24:47.169Z,London,7.59,overcast clouds
2025-11-22T12:45:42.378Z,London,7.43,moderate rain
2025-11-22T14:21:27.426Z,London,7.62,scattered clouds
2025-11-22T16:29:23.801Z,London,7.19,heavy intensity rain
2025-11-22T18:33:35.104Z,London,7.63,broken clouds
2025-11-22T20:26:42.453Z,London,7.72,light rain
2025-11-22T22:23:59.337Z,London,7.8,overcast clouds
2025-11-23T02:19:30.891Z,London,7.61,overcast clouds
2025-11-23T04:36:13.888Z,London,6.66,broken clouds
2025-11-23T06:35:55.537Z,London,7.44,heavy intensity rain
2025-11-23T08:31:09.846Z,London,8.79,light rain
2025-11-23T10:25:01.456Z,London,10.08,scattered clouds
2025-11-23T12:45:24.268Z,London,10.13,scattered clouds
2025-11-23T14:21:33.806Z,London,10.28,broken clouds
2025-11-23T16:29:27.016Z,London,8.86,clear sky
2025-11-23T18:34:03.980Z,London,7.33,clear sky
2025-11-23T20:27:40.969Z,London,6.42,clear sky
2025-11-23T22:24:09.559Z,London,6.07,scattered clouds
2025-11-24T02:07:48.612Z,London,5.86,overcast clouds
2025-11-24T04:38:08.318Z,London,5.37,broken clouds
2025-11-24T06:39:15.330Z,London,5.9,moderate rain
2025-11-24T08:37:06.282Z,London,5.87,overcast clouds
2025-11-24T10:30:27.195Z,London,6.74,broken clouds
2025-11-24T12:55:29.854Z,London,7,overcast clouds
2025-11-24T14:27:20.983Z,London,6.65,overcast clouds
2025-11-24T16:29:37.610Z,London,6.5,overcast clouds
2025-11-24T18:37:51.904Z,London,6.69,overcast clouds
2025-11-24T20:29:10.659Z,London,6.43,broken clouds
2025-11-24T22:24:55.708Z,London,5.64,broken clouds
2025-11-25T02:01:01.263Z,London,5.35,broken clouds
2025-11-25T04:31:57.870Z,London,4.47,scattered clouds
2025-11-25T06:39:43.977Z,London,4.09,broken clouds
2025-11-25T08:35:38.034Z,London,3.85,clear sky
2025-11-25T10:31:11.197Z,London,5.44,broken clouds
2025-11-25T12:54:51.854Z,London,6.49,broken clouds
2025-11-25T14:26:59.552Z,London,6.6,overcast clouds
2025-11-25T16:35:49.458Z,London,6.13,scattered clouds
2025-11-25T18:38:44.120Z,London,5.55,broken clouds
2025-11-25T20:29:47.863Z,London,4.66,few clouds
2025-11-25T22:25:45.440Z,London,4.21,few clouds
2025-11-26T02:01:14.910Z,London,2.07,clear sky
2025-11-26T04:32:40.886Z,London,1.85,clear sky
2025-11-26T06:39:23.703Z,London,0.74,few clouds
2025-11-26T08:35:16.636Z,London,0.13,few clouds
2025-11-26T10:29:56.104Z,London,2.83,few clouds
2025-11-26T12:56:19.303Z,London,6.68,few clouds
2025-11-26T14:27:32.194Z,London,7.37,few clouds
2025-11-26T16:33:40.456Z,London,5.96,scattered clouds
2025-11-26T18:33:54.698Z,London,6.15,broken clouds
2025-11-26T20:27:38.606Z,London,7.55,light rain
2025-11-26T22:24:59.031Z,London,8.32,broken clouds
2025-11-27T01:58:35.373Z,London,9.81,broken clouds
2025-11-27T03:17:23.012Z,London,10.54,overcast clouds
2025-11-27T04:31:43.041Z,London,11.12,overcast clouds
2025-11-27T06:39:37.766Z,London,11.43,broken clouds
2025-11-27T08:35:24.982Z,London,11.13,few clouds
2025-11-27T10:29:53.615Z,London,12.04,scattered clouds
2025-11-27T12:54:45.580Z,London,12.86,overcast clouds
2025-11-27T14:26:24.268Z,London,13.32,overcast clouds
2025-11-27T16:32:35.736Z,London,13.36,overcast clouds
2025-11-27T18:35:05.135Z,London,13.38,overcast clouds
2025-11-27T20:26:13.608Z,London,13.31,overcast clouds
2025-11-27T22:24:15.659Z,London,13.56,overcast clouds
2025-11-28T01:58:24.773Z,London,11.25,scattered clouds
2025-11-28T03:17:05.184Z,London,10.2,overcast clouds
2025-11-28T04:31:05.555Z,London,9.81,overcast clouds
2025-11-28T06:39:32.894Z,London,9.47,overcast clouds
2025-11-28T08:35:24.266Z,London,9.19,overcast clouds
2025-11-28T10:28:28.165Z,London,10.84,broken clouds
2025-11-28T12:53:37.164Z,London,12.82,broken clouds
2025-11-28T14:25:54.617Z,London,12.94,broken clouds
2025-11-28T16:32:13.638Z,London,12.19,broken clouds
2025-11-28T18:35:10.314Z,London,11.26,broken clouds
2025-11-28T20:28:06.239Z,London,10.18,broken clouds
2025-11-28T22:23:35.931Z,London,10.18,overcast clouds
2025-11-29T01:58:20.725Z,London,11.1,broken clouds
2025-11-29T03:17:34.122Z,London,11.33,broken clouds
2025-11-29T04:30:23.658Z,London,11.17,broken clouds
2025-11-29T06:36:11.181Z,London,11.12,broken clouds
2025-11-29T08:32:39.878Z,London,10.87,light rain
2025-11-29T10:25:39.891Z,London,11.37,broken clouds
2025-11-29T12:49:52.974Z,London,11.2,light rain
2025-11-29T14:22:50.223Z,London,9.62,broken clouds
2025-11-29T16:30:33.202Z,London,7.59,scattered clouds
2025-11-29T18:34:35.798Z,London,6.69,overcast clouds
2025-11-29T20:27:34.875Z,London,5.75,few clouds
2025-11-29T22:24:15.405Z,London,5.11,few clouds
2025-11-30T02:13:19.355Z,London,5.69,overcast clouds
2025-11-30T04:37:32.754Z,London,4.28,few clouds
2025-11-30T06:37:39.022Z,London,3.04,clear sky
2025-11-30T08:30:44.553Z,London,2.92,clear sky
2025-11-30T10:25:23.173Z,London,5.14,clear sky
2025-11-30T12:49:32.115Z,London,8.21,clear sky
2025-11-30T14:22:41.036Z,London,8.52,clear sky
2025-11-30T16:30:30.559Z,London,7,clear sky
2025-11-30T18:34:43.128Z,London,5.59,few clouds
2025-11-30T20:27:51.671Z,London,5.11,broken clouds
2025-11-30T22:24:30.006Z,London,6.34,broken clouds
2025-12-01T02:26:59.500Z,London,8.66,light rain
2025-12-01T04:53:19.723Z,London,9.04,broken clouds
2025-12-01T06:42:12.669Z,London,9.64,light rain
2025-12-01T08:39:05.172Z,London,10.07,light rain
2025-12-01T10:31:52.707Z,London,10.55,overcast clouds
2025-12-01T12:56:40.240Z,London,11.19,overcast clouds
2025-12-01T14:29:04.824Z,London,11.36,overcast clouds
2025-12-01T16:36:31.804Z,London,11.38,overcast clouds
2025-12-01T18:42:19.380Z,London,11.47,overcast clouds
2025-12-01T20:27:03.437Z,London,11.19,light rain
2025-12-01T22:25:01.436Z,London,10.44,light rain
2025-12-02T02:03:12.312Z,London,9.57,overcast clouds
2025-12-02T04:36:02.770Z,London,8.98,light rain
2025-12-02T06:40:40.400Z,London,8.84,broken clouds
2025-12-02T08:37:33.303Z,London,7.43,few clouds
2025-12-02T10:30:43.274Z,London,9.17,few clouds
2025-12-02T12:57:09.671Z,London,11.13,few clouds
2025-12-02T14:29:23.848Z,London,10.72,few clouds
2025-12-02T16:37:04.429Z,London,9.21,few clouds
2025-12-02T18:41:17.942Z,London,8.15,light rain
2025-12-02T20:31:33.668Z,London,7.77,broken clouds
2025-12-02T22:22:49.580Z,London,7.74,broken clouds
2025-12-03T02:02:36.396Z,London,5.43,clear sky
2025-12-03T04:34:10.371Z,London,4.92,clear sky
2025-12-03T06:40:06.105Z,London,4.91,clear sky
2025-12-03T08:37:33.344Z,London,4.53,scattered clouds
2025-12-03T10:31:54.681Z,London,7.54,broken clouds
2025-12-03T12:57:22.277Z,London,10.41,clear sky
2025-12-03T14:28:52.987Z,London,10.35,few clouds
2025-12-03T16:37:14.107Z,London,8.33,clear sky
2025-12-03T18:40:30.689Z,London,7.58,few clouds
2025-12-03T20:31:10.073Z,London,6.59,scattered clouds
2025-12-03T22:26:52.985Z,London,7.16,broken clouds
2025-12-04T02:04:01.729Z,London,7.72,overcast clouds
2025-12-04T04:36:11.551Z,London,8.01,broken clouds
2025-12-04T06:40:05.670Z,London,7.87,scattered clouds
2025-12-04T08:36:47.901Z,London,8.22,light rain
2025-12-04T10:31:25.867Z,London,8.29,broken clouds
2025-12-04T12:57:51.360Z,London,7.82,moderate rain
2025-12-04T14:28:31.547Z,London,6.83,light rain
2025-12-04T16:37:35.829Z,London,6.7,broken clouds
2025-12-04T18:41:04.156Z,London,5.46,few clouds
2025-12-04T20:30:39.386Z,London,4.71,clear sky
2025-12-04T22:23:59.639Z,London,3.4,clear sky
2025-12-05T02:04:14.366Z,London,2.32,clear sky
2025-12-05T04:34:45.555Z,London,1.62,clear sky
2025-12-05T06:40:05.887Z,London,1.83,clear sky
2025-12-05T08:35:11.999Z,London,2.68,broken clouds
2025-12-05T10:29:18.043Z,London,5.07,overcast clouds
2025-12-05T12:54:41.014Z,London,8.59,broken clouds
2025-12-05T14:27:33.047Z,London,8.83,overcast clouds
2025-12-05T16:34:03.793Z,London,8.6,overcast clouds
2025-12-05T18:35:41.825Z,London,7.7,scattered clouds
2025-12-05T20:29:57.068Z,London,7.66,light rain
2025-12-05T22:25:19.332Z,London,9.18,moderate rain
2025-12-06T01:57:23.692Z,London,10.1,broken clouds
2025-12-06T03:15:30.362Z,London,9.95,few clouds
2025-12-06T04:29:24.148Z,London,9.84,broken clouds
2025-12-06T06:36:14.997Z,London,9.72,overcast clouds
2025-12-06T08:32:02.407Z,London,10.14,overcast clouds
2025-12-06T10:25:40.352Z,London,11.35,few clouds
2025-12-06T12:50:22.489Z,London,12.24,broken clouds
2025-12-06T14:22:08.239Z,London,11.95,light rain
2025-12-06T16:30:17.540Z,London,11.23,broken clouds
2025-12-06T18:34:03.394Z,London,10.73,broken clouds
2025-12-06T20:26:56.369Z,London,10.22,broken clouds
2025-12-06T22:24:01.590Z,London,9.69,scattered clouds
2025-12-07T02:18:57.046Z,London,8.81,overcast clouds
2025-12-07T04:36:06.588Z,London,8.34,overcast clouds
2025-12-07T06:35:59.072Z,London,9.13,overcast clouds
2025-12-07T08:31:19.944Z,London,10.17,light rain
2025-12-07T10:24:21.126Z,London,11.22,broken clouds
2025-12-07T12:48:56.053Z,London,13.25,moderate rain
2025-12-07T14:22:35.514Z,London,13.9,broken clouds
2025-12-07T16:29:36.238Z,London,14.3,overcast clouds
2025-12-07T18:34:25.202Z,London,13.72,broken clouds
2025-12-07T20:27:46.365Z,London,12.5,scattered clouds
2025-12-07T22:23:31.469Z,London,12.07,broken clouds
2025-12-08T02:05:10.738Z,London,10.81,overcast clouds
2025-12-08T04:38:05.052Z,London,11.41,broken clouds
2025-12-08T06:43:39.852Z,London,11.93,few clouds
2025-12-08T08:38:32.594Z,London,12.62,few clouds
2025-12-08T10:31:11.176Z,London,13.28,scattered clouds
2025-12-08T12:56:00.918Z,London,14.1,broken clouds
2025-12-08T14:29:25.688Z,London,14.14,light rain
2025-12-08T16:35:43.541Z,London,13.16,broken clouds
2025-12-08T18:40:09.623Z,London,12.44,overcast clouds
2025-12-08T20:31:03.887Z,London,12.59,broken clouds
2025-12-08T22:25:57.633Z,London,12.22,broken clouds
2025-12-09T02:03:47.106Z,London,12.93,overcast clouds
2025-12-09T04:34:12.114Z,London,12.12,moderate rain
2025-12-09T06:41:05.530Z,London,11.94,light rain
2025-12-09T08:38:06.410Z,London,12.19,overcast clouds
2025-12-09T10:31:48.543Z,London,12.8,scattered clouds
2025-12-09T12:57:40.303Z,London,14.23,overcast clouds
2025-12-09T14:29:07.542Z,London,13.79,overcast clouds
2025-12-09T16:35:10.393Z,London,13.74,broken clouds
2025-12-09T18:35:59.346Z,London,13.94,broken clouds
2025-12-09T20:26:50.069Z,London,13.21,scattered clouds
2025-12-09T22:25:44.924Z,London,12.4,scattered clouds
2025-12-10T02:06:03.251Z,London,11.18,overcast clouds
2025-12-10T04:37:56.898Z,London,10.62,overcast clouds
2025-12-10T06:41:25.959Z,London,10.75,overcast clouds
2025-12-10T08:37:10.728Z,London,10.88,broken clouds
2025-12-10T10:31:38.587Z,London,12.37,scattered clouds
2025-12-10T12:57:55.002Z,London,13.6,scattered clouds
2025-12-10T14:29:40.499Z,London,13.17,few clouds
2025-12-10T16:35:28.800Z,London,11.53,clear sky
2025-12-10T18:38:11.201Z,London,10.43,clear sky
2025-12-10T20:32:06.564Z,London,10.01,clear sky
2025-12-10T22:26:12.778Z,London,9.46,broken clouds
2025-12-11T02:07:28.947Z,London,9.05,few clouds
2025-12-11T04:38:56.917Z,London,8.23,scattered clouds
2025-12-11T06:42:55.382Z,London,8.45,few clouds
2025-12-11T08:37:33.929Z,London,8.72,broken clouds
2025-12-11T10:32:23.822Z,London,10.53,few clouds
2025-12-11T12:59:14.000Z,London,11.92,clear sky
2025-12-11T14:28:12.403Z,London,11.87,broken clouds
2025-12-11T16:39:25.411Z,London,10.46,broken clouds
2025-12-11T18:39:32.846Z,London,10.36,overcast clouds
2025-12-11T20:30:09.671Z,London,10.44,broken clouds
2025-12-11T22:27:11.177Z,London,10.35,broken clouds
2025-12-12T02:07:17.311Z,London,10.44,few clouds
2025-12-12T04:38:20.414Z,London,10.51,overcast clouds
2025-12-12T06:41:48.452Z,London,10.8,broken clouds
2025-12-12T08:37:52.410Z,London,11.07,overcast clouds
2025-12-12T10:30:37.679Z,London,11.62,broken clouds
2025-12-12T12:56:28.820Z,London,11.7,overcast clouds
2025-12-12T14:24:30.652Z,London,12.05,overcast clouds
2025-12-12T16:34:01.012Z,London,11.22,broken clouds
2025-12-12T18:40:02.489Z,London,9.31,overcast clouds
2025-12-12T20:29:40.353Z,London,8.19,overcast clouds
2025-12-12T22:26:25.062Z,London,7.94,overcast clouds
2025-12-13T02:00:25.810Z,London,7.06,overcast clouds
2025-12-13T04:32:06.695Z,London,5.11,scattered clouds
2025-12-13T06:37:48.972Z,London,4.21,scattered clouds
2025-12-13T08:31:58.320Z,London,4.35,clear sky
2025-12-13T10:26:07.316Z,London,5.91,clear sky
2025-12-13T12:51:06.300Z,London,10.13,clear sky
2025-12-13T14:23:18.850Z,London,10.31,broken clouds
2025-12-13T16:31:11.923Z,London,8.68,scattered clouds
2025-12-13T18:34:15.038Z,London,7.48,broken clouds
2025-12-13T20:27:21.045Z,London,7.37,overcast clouds
2025-12-13T22:24:32.679Z,London,6.8,overcast clouds
2025-12-14T02:19:54.291Z,London,7.12,few clouds
2025-12-14T04:39:47.013Z,London,6.84,scattered clouds
2025-12-14T06:38:03.089Z,London,6.74,overcast clouds
2025-12-14T08:33:15.748Z,London,6.98,overcast clouds
2025-12-14T10:26:52.183Z,London,9.17,scattered clouds
2025-12-14T12:51:13.311Z,London,10.68,broken clouds
2025-12-14T14:23:49.839Z,London,10.59,few clouds
2025-12-14T16:30:58.938Z,London,9.61,scattered clouds
2025-12-14T18:35:40.421Z,London,9.99,scattered clouds
2025-12-14T20:27:56.080Z,London,10.47,scattered clouds
2025-12-14T22:24:12.277Z,London,10.86,broken clouds
2025-12-15T02:11:09.908Z,London,10.99,overcast clouds
2025-12-15T04:46:35.405Z,London,10.52,overcast clouds
2025-12-15T06:44:45.571Z,London,10.43,overcast clouds
2025-12-15T08:40:20.367Z,London,10.3,overcast clouds
2025-12-15T10:34:33.437Z,London,10.88,overcast clouds
2025-12-15T12:59:52.544Z,London,11.25,broken clouds
2025-12-15T14:32:42.646Z,London,11.06,overcast clouds
2025-12-15T16:39:33.356Z,London,10.89,broken clouds
2025-12-15T18:40:30.209Z,London,11.01,overcast clouds
2025-12-15T20:31:35.707Z,London,11.04,broken clouds
2025-12-15T22:26:41.799Z,London,10.94,overcast clouds
2025-12-16T02:08:08.168Z,London,11.18,broken clouds
2025-12-16T04:39:38.383Z,London,11.14,scattered clouds
2025-12-16T06:42:39.228Z,London,10.98,overcast clouds
2025-12-16T08:38:53.104Z,London,10.99,overcast clouds
2025-12-16T10:32:14.821Z,London,11.62,overcast clouds
2025-12-16T12:58:21.926Z,London,11.33,overcast clouds
2025-12-16T14:31:13.777Z,London,9.77,light rain
2025-12-16T16:37:51.841Z,London,8.49,overcast clouds
2025-12-16T18:40:42.305Z,London,7.95,overcast clouds
2025-12-16T20:31:45.244Z,London,7.49,overcast clouds
2025-12-16T22:25:02.160Z,London,6.31,broken clouds
2025-12-17T02:03:03.135Z,London,4.56,scattered clouds
2025-12-17T04:37:57.331Z,London,3.51,few clouds
2025-12-17T06:41:40.962Z,London,2.82,fog
2025-12-17T08:38:18.576Z,London,2.97,mist
2025-12-17T10:31:36.688Z,London,5.14,broken clouds
2025-12-17T12:58:20.500Z,London,8.24,overcast clouds
2025-12-17T14:29:53.322Z,London,9.65,few clouds
2025-12-17T16:37:05.795Z,London,9.79,scattered clouds
2025-12-17T18:41:18.241Z,London,9.9,overcast clouds
2025-12-17T20:31:53.822Z,London,9.99,scattered clouds
2025-12-17T22:26:50.433Z,London,10.56,broken clouds
2025-12-18T02:03:53.494Z,London,10.31,moderate rain
2025-12-18T04:38:29.685Z,London,10.64,light rain
2025-12-18T06:41:18.756Z,London,10.94,overcast clouds
2025-12-18T08:37:23.949Z,London,11.03,broken clouds
2025-12-18T10:33:20.010Z,London,11.11,overcast clouds
2025-12-18T12:56:29.393Z,London,11.03,moderate rain
2025-12-18T14:29:18.373Z,London,11.33,moderate rain
2025-12-18T16:38:09.773Z,London,11.33,moderate rain
2025-12-18T18:40:04.814Z,London,12.03,overcast clouds
2025-12-18T20:27:15.727Z,London,11.82,broken clouds
2025-12-18T22:26:17.082Z,London,11.24,few clouds
2025-12-19T02:06:40.173Z,London,9.96,few clouds
2025-12-19T04:38:05.449Z,London,8.19,overcast clouds
2025-12-19T06:40:06.817Z,London,7.8,overcast clouds
2025-12-19T08:36:53.554Z,London,7.61,overcast clouds
2025-12-19T10:29:49.937Z,London,8.72,broken clouds
2025-12-19T12:55:02.499Z,London,11.08,clear sky
2025-12-19T14:28:01.635Z,London,11.25,clear sky
2025-12-19T16:34:41.238Z,London,9.69,clear sky
2025-12-19T18:38:21.342Z,London,8.43,clear sky
2025-12-19T20:30:07.170Z,London,7.5,few clouds
2025-12-19T22:26:23.704Z,London,6.37,clear sky
2025-12-20T02:00:18.407Z,London,5,clear sky
2025-12-20T04:32:16.801Z,London,4.83,clear sky
2025-12-20T06:38:28.822Z,London,4.54,clear sky
2025-12-20T08:33:09.461Z,London,4.37,few clouds
2025-12-20T10:26:23.594Z,London,6.28,clear sky
2025-12-20T12:50:45.135Z,London,9.57,clear sky
2025-12-20T14:23:54.915Z,London,9.49,scattered clouds
2025-12-20T16:30:35.526Z,London,7.96,clear sky
2025-12-20T18:33:56.415Z,London,7.79,broken clouds
2025-12-20T20:27:07.272Z,London,7.73,overcast clouds
2025-12-20T22:24:24.271Z,London,7.99,overcast clouds
2025-12-21T02:20:00.222Z,London,8.42,light rain
2025-12-21T04:40:55.164Z,London,8.27,mist
2025-12-21T06:38:41.786Z,London,8.62,broken clouds
2025-12-21T08:33:46.237Z,London,9.08,broken clouds
2025-12-21T10:27:01.503Z,London,9.78,broken clouds
2025-12-21T12:51:43.316Z,London,10.14,overcast clouds
2025-12-21T14:24:00.201Z,London,10.09,few clouds
2025-12-21T16:36:21.778Z,London,9.67,light rain
2025-12-21T18:35:43.087Z,London,10.11,moderate rain
2025-12-21T20:28:16.547Z,London,10.8,light rain
2025-12-21T22:25:32.016Z,London,10.59,light rain
2025-12-22T02:18:40.048Z,London,10,overcast clouds
2025-12-22T04:45:46.552Z,London,8.97,few clouds
2025-12-22T06:43:52.558Z,London,9.19,broken clouds
2025-12-22T08:38:34.526Z,London,8.83,broken clouds
2025-12-22T10:30:22.074Z,London,9.31,broken clouds
2025-12-22T12:55:31.629Z,London,10.58,overcast clouds
2025-12-22T14:27:46.962Z,London,10.43,overcast clouds
2025-12-22T16:34:37.591Z,London,9.5,few clouds
2025-12-22T18:39:03.371Z,London,9.42,overcast clouds
2025-12-22T20:30:13.951Z,London,8.27,broken clouds
2025-12-22T22:26:44.566Z,London,8.17,few clouds
2025-12-23T02:07:54.698Z,London,8.39,broken clouds
2025-12-23T04:41:41.631Z,London,7.83,overcast clouds
2025-12-23T06:42:52.759Z,London,7.47,overcast clouds
2025-12-23T08:37:35.453Z,London,7.22,overcast clouds
2025-12-23T10:30:54.736Z,London,7.05,overcast clouds
2025-12-23T12:57:12.633Z,London,7.46,overcast clouds
2025-12-23T14:28:05.228Z,London,7.47,overcast clouds
2025-12-23T16:35:36.098Z,London,6.77,overcast clouds
2025-12-23T18:39:53.023Z,London,6.47,overcast clouds
2025-12-23T20:29:34.403Z,London,6.57,overcast clouds
2025-12-23T22:26:09.426Z,London,6.34,overcast clouds
2025-12-24T02:06:13.042Z,London,6.09,overcast clouds
2025-12-24T04:40:15.339Z,London,6.53,overcast clouds
2025-12-24T06:42:31.658Z,London,5.59,overcast clouds
2025-12-24T08:37:21.018Z,London,4.77,overcast clouds
2025-12-24T10:28:53.454Z,London,4.99,broken clouds
2025-12-24T12:55:32.015Z,London,5.85,broken clouds
2025-12-24T14:26:26.213Z,London,5.77,broken clouds
2025-12-24T16:33:18.673Z,London,4.52,broken clouds
2025-12-24T18:38:13.699Z,London,4.04,scattered clouds
2025-12-24T20:29:29.401Z,London,3.86,clear sky
2025-12-24T22:26:07.022Z,London,3.89,few clouds
2025-12-25T02:08:17.014Z,London,3.39,clear sky
2025-12-25T04:41:52.968Z,London,3.24,clear sky
2025-12-25T06:41:36.773Z,London,3.13,clear sky
2025-12-25T08:35:58.033Z,London,3.04,clear sky
2025-12-25T10:29:03.137Z,London,4.09,clear sky
2025-12-25T12:54:37.407Z,London,5.92,clear sky
2025-12-25T14:26:18.123Z,London,5.68,clear sky
2025-12-25T16:33:34.031Z,London,4.26,broken clouds
2025-12-25T18:37:30.735Z,London,4.27,overcast clouds
2025-12-25T20:30:02.091Z,London,4.3,overcast clouds
2025-12-25T22:26:01.878Z,London,3.79,overcast clouds
2025-12-26T02:07:18.746Z,London,3.49,broken clouds
2025-12-26T04:39:06.131Z,London,3.84,overcast clouds
2025-12-26T06:41:01.763Z,London,4.16,overcast clouds
2025-12-26T08:35:54.916Z,London,4.42,overcast clouds
2025-12-26T10:29:03.737Z,London,4.94,overcast clouds
2025-12-26T12:54:59.101Z,London,5.93,few clouds
2025-12-26T14:26:55.359Z,London,6.18,broken clouds
2025-12-26T16:31:57.684Z,London,5.48,overcast clouds
2025-12-26T18:37:31.241Z,London,5.16,overcast clouds
2025-12-26T20:28:54.724Z,London,4.81,overcast clouds
2025-12-26T22:26:15.703Z,London,4.37,overcast clouds
2025-12-27T02:05:05.255Z,London,2.85,few clouds
2025-12-27T04:37:22.298Z,London,2.59,clear sky
2025-12-27T06:39:27.135Z,London,2.47,clear sky
2025-12-27T08:34:23.215Z,London,2.95,clear sky
2025-12-27T10:27:11.089Z,London,5.47,clear sky
2025-12-27T12:52:34.286Z,London,7.12,broken clouds
2025-12-27T14:24:35.532Z,London,7.53,overcast clouds
2025-12-27T16:31:39.924Z,London,7.43,overcast clouds
2025-12-27T18:36:15.919Z,London,7.59,overcast clouds
2025-12-27T20:29:07.432Z,London,6.9,overcast clouds
2025-12-27T22:25:02.602Z,London,6.94,overcast clouds
2025-12-28T02:25:39.337Z,London,6.81,overcast clouds
2025-12-28T04:49:28.854Z,London,6.74,overcast clouds
2025-12-28T06:39:31.533Z,London,6.61,overcast clouds
2025-12-28T08:34:34.758Z,London,6.72,overcast clouds
2025-12-28T10:27:37.046Z,London,7.11,overcast clouds
2025-12-28T12:53:20.843Z,London,7.14,overcast clouds
2025-12-28T14:25:16.140Z,London,7.16,overcast clouds
2025-12-28T16:32:24.525Z,London,7.03,overcast clouds
2025-12-28T18:37:12.767Z,London,6.91,overcast clouds
2025-12-28T20:29:37.012Z,London,6.47,overcast clouds
2025-12-28T22:26:09.644Z,London,5.71,overcast clouds
2025-12-29T02:23:42.440Z,London,4.48,broken clouds
2025-12-29T04:53:34.081Z,London,4.83,overcast clouds
2025-12-29T06:45:22.873Z,London,4.82,broken clouds
2025-12-29T08:39:48.562Z,London,4.97,broken clouds
2025-12-29T10:30:43.969Z,London,5.65,overcast clouds
2025-12-29T12:58:28.681Z,London,6,overcast clouds
2025-12-29T14:28:25.619Z,London,5.92,overcast clouds
2025-12-29T16:33:50.368Z,London,6.02,overcast clouds
2025-12-29T18:38:39.207Z,London,6.16,overcast clouds
2025-12-29T20:31:05.130Z,London,6.34,overcast clouds
2025-12-29T22:26:01.987Z,London,6.04,broken clouds
2025-12-30T02:08:57.248Z,London,5.04,broken clouds
2025-12-30T04:43:41.939Z,London,3.88,few clouds
2025-12-30T06:41:44.547Z,London,3.29,broken clouds
2025-12-30T08:37:02.728Z,London,3.34,overcast clouds
2025-12-30T10:30:37.016Z,London,4.94,scattered clouds
2025-12-30T12:57:25.482Z,London,7.06,overcast clouds
2025-12-30T14:28:09.278Z,London,6.61,overcast clouds
2025-12-30T16:35:41.159Z,London,5.07,scattered clouds
2025-12-30T18:40:19.621Z,London,4.25,scattered clouds
2025-12-30T20:30:23.937Z,London,2.55,few clouds
2025-12-30T22:25:49.497Z,London,1.76,few clouds
2025-12-31T02:09:16.817Z,London,1.22,clear sky
2025-12-31T04:41:49.503Z,London,1.03,few clouds
2025-12-31T06:42:26.281Z,London,0.39,overcast clouds
2025-12-31T08:37:08.756Z,London,0.29,broken clouds
2025-12-31T10:28:55.353Z,London,1.72,clear sky
2025-12-31T12:55:37.915Z,London,3.96,clear sky
2025-12-31T14:26:39.339Z,London,3.85,clear sky
2025-12-31T16:33:43.056Z,London,1.64,scattered clouds
2025-12-31T18:37:55.413Z,London,0.84,few clouds
2025-12-31T20:29:43.658Z,London,0.48,few clouds
2025-12-31T22:26:56.329Z,London,0.14,few clouds
2026-01-01T02:26:17.319Z,London,1.04,overcast clouds
2026-01-01T04:52:09.245Z,London,1.51,overcast clouds
2026-01-01T06:42:36.614Z,London,1.65,scattered clouds
2026-01-01T08:37:10.370Z,London,1.2,broken clouds
2026-01-01T10:30:10.898Z,London,3.07,broken clouds
2026-01-01T12:55:42.519Z,London,5.86,overcast clouds
2026-01-01T14:26:11.274Z,London,5.63,scattered clouds
2026-01-01T16:34:35.697Z,London,5.36,overcast clouds
2026-01-01T18:38:22.678Z,London,4.8,overcast clouds
2026-01-01T20:30:49.524Z,London,3.95,few clouds
2026-01-01T22:26:22.472Z,London,3.77,scattered clouds
2026-01-02T02:10:50.471Z,London,2.46,few clouds
2026-01-02T04:46:56.848Z,London,2.35,moderate rain
2026-01-02T06:42:09.990Z,London,1.29,overcast clouds
2026-01-02T08:37:04.457Z,London,1.08,overcast clouds
2026-01-02T10:28:32.488Z,London,2.11,broken clouds
2026-01-02T12:54:54.090Z,London,3.49,clear sky
2026-01-02T14:27:41.993Z,London,3.71,clear sky
2026-01-02T16:33:48.301Z,London,2.23,clear sky
2026-01-02T18:38:04.866Z,London,0.94,clear sky
2026-01-02T20:29:26.869Z,London,0.35,clear sky
2026-01-02T22:27:23.740Z,London,-0.19,clear sky
2026-01-03T02:04:28.421Z,London,0.02,few clouds
2026-01-03T04:37:21.617Z,London,0.36,scattered clouds
2026-01-03T06:39:41.668Z,London,0.02,clear sky
2026-01-03T08:34:32.910Z,London,-0.2,clear sky
2026-01-03T10:27:24.416Z,London,0.94,clear sky
2026-01-03T12:52:54.536Z,London,2.91,clear sky
2026-01-03T14:24:45.660Z,London,3.21,clear sky
2026-01-03T16:32:30.637Z,London,1.46,clear sky
2026-01-03T18:36:33.037Z,London,0.24,clear sky
2026-01-03T20:29:08.255Z,London,-0.11,clear sky
2026-01-03T22:26:00.097Z,London,-0.77,clear sky
2026-01-04T02:27:42.712Z,London,-2.21,clear sky
2026-01-04T04:52:58.409Z,London,-2.44,clear sky
2026-01-04T06:40:23.880Z,London,-2.37,clear sky
2026-01-04T08:35:28.295Z,London,-2.82,clear sky
2026-01-04T10:26:53.458Z,London,-1.01,clear sky
2026-01-04T12:53:26.384Z,London,2.54,clear sky
2026-01-04T14:24:14.528Z,London,3.14,clear sky
2026-01-04T16:32:10.385Z,London,1.78,clear sky
2026-01-04T18:36:49.460Z,London,1.34,broken clouds
2026-01-04T20:30:13.918Z,London,0.19,overcast clouds
2026-01-04T22:26:24.934Z,London,-0.51,overcast clouds
2026-01-05T02:27:07.309Z,London,-1.31,broken clouds
2026-01-05T04:59:56.704Z,London,-1.02,broken clouds
2026-01-05T06:49:35.070Z,London,-0.76,overcast clouds
2026-01-05T08:42:01.949Z,London,-2.06,broken clouds
2026-01-05T10:33:08.187Z,London,-0.26,scattered clouds
